Race,Driver,Stint,TyreCompound,Model,MSE,RSquared,UniformityScore,Parameters,TrackTemp,AirTemp
2023_Azerbaijan_Sprint,NOR,3,C4,Exponential with Asymptote,0.022884280422465052,0.3212550945295439,0.6666666666666666,[105.01568857   1.         104.71963524],36.83170731707317,22.201219512195127
