Race,TyreCompound,AvgDegradationRate,StdDegradationRate,Count,TrackTemp,AirTemp
Spain,C5,-0.001511331615484151,0.003660495287880045,47,48.957317073170735,36.56585365853658
Spain,C4,-0.0006585438172148962,0.00045736750713816054,25,48.957317073170735,36.56585365853658
Spain,C3,-0.0010792500095851533,,1,48.957317073170735,36.56585365853658
