Compound,Sample_Count,Avg_Track_Temp,Std_Track_Temp,Avg_Air_Temp,Std_Air_Temp,Avg_Degradation_Rate,Std_Degradation_Rate,Avg_Initial_Time,Std_Initial_Time,Degradation_Best_Model,Degradation_Best_R2,Degradation_Param_1,Degradation_Param_2,Time_Best_Model,Time_Best_R2,Time_Param_1,Time_Param_2,Time_Param_3,Degradation_Param_3
C1,24,31.038367346938774,0.0,22.27469387755102,0.0,0.11499693118302105,0.19508913860798038,105.18470971291667,17.775271785896305,linear,-2.472488880300716e-11,-70.30176542161722,1566.0652997790494,quadratic,0.0,79.93446712472893,812.502989136125,-57653.51471334763,
C3,225,36.77645607887686,7.11803849361844,25.045537852791732,3.9333724984020564,0.04902180089285567,0.34586795863769065,93.54297211844445,20.862329002817916,quadratic,0.008299858787559344,0.0005912566570203995,-0.04670128833282871,quadratic,0.07399230597404105,-0.01835507348263241,2.2253284758623093,37.45864256961893,0.9368935971425658
C4,364,38.327859952648645,8.263519339664503,25.470089700932075,4.692142486052283,0.3938536211710155,2.372436332857822,-7.838261593406594e+20,1.4933894055075605e+22,quadratic,0.0019474937268805226,-0.003561206314830939,0.198657306451922,linear,-0.0027548209366392573,1.0,1.0,,-2.2773163281466338
C5,234,38.21617729398525,8.295571667879305,25.828618868805318,5.7138081329074035,0.42791816620915935,2.3192312376955946,396093171.46856797,6046140148.214325,quadratic,0.019716118067522603,-0.007359435315550734,0.570072609451809,quadratic,0.0038822937517934974,-1055996.867895396,125449167.31821516,-2783166142.469936,-10.10334692484781
